row,occupation_label,indent_spaces,unemployment_rate,unemployed_thousands,labor_force_thousands
6,"Total, 16 years and over(1)",0,4.3,7314,170807
7,"Management, professional, and related occupations",0,2.5,1811,73149
8,"Management, business, and financial operations occupations",0,2.3,729,31778
9,Management occupations,0,2.1,442,21318
10,Chief executives,0,1,19,1821
11,General and operations managers,0,1.9,27,1406
12,Legislators,0,–,1,19
13,Advertising and promotions managers,0,2.6,2,63
14,Marketing managers,0,3.3,23,692
15,Sales managers,0,3.4,20,583
16,Public relations and fundraising managers,0,3.9,6,146
17,Administrative services managers,0,1.1,1,114
18,Facilities managers,0,1.2,2,130
19,Computer and information systems managers,0,2.9,19,666
20,Financial managers,0,2,28,1460
21,Compensation and benefits managers,0,–,2,18
22,Human resources managers,0,3.9,13,327
23,Training and development managers,0,3,2,71
24,Industrial production managers,0,2.2,8,353
25,Purchasing managers,0,4.5,10,232
26,"Transportation, storage, and distribution managers",0,0.6,3,418
27,"Farmers, ranchers, and other agricultural managers",0,1.2,9,820
28,Construction managers,0,1.8,21,1220
29,Education and childcare administrators,0,1.6,17,1070
30,Architectural and engineering managers,0,2.1,4,201
31,Food service managers,0,2.7,33,1192
32,Funeral home managers,0,–,0,10
33,Entertainment and recreation managers,0,2.9,2,67
34,Lodging managers,0,4.3,5,123
35,Medical and health services managers,0,1.7,15,920
36,Natural sciences managers,0,–,0,44
37,Postmasters and mail superintendents,0,–,0,42
38,"Property, real estate, and community association managers",0,2.7,22,812
39,Social and community service managers,0,3.5,17,489
40,Emergency management directors,0,–,0,27
41,"Personal service managers, all other",0,1.5,3,186
42,"Managers, all other",0,1.9,107,5579
43,Business and financial operations occupations,0,2.7,287,10460
44,"Agents and business managers of artists, performers, and athletes",0,4.7,3,62
45,"Buyers and purchasing agents, farm products",0,–,0,10
46,"Wholesale and retail buyers, except farm products",0,5,9,189
47,"Purchasing agents, except wholesale, retail, and farm products",0,2.1,6,303
48,"Claims adjusters, appraisers, examiners, and investigators",0,2.4,10,399
49,Compliance officers,0,1.5,5,317
50,Cost estimators,0,1.7,2,149
51,Human resources workers,0,3.6,33,931
52,"Compensation, benefits, and job analysis specialists",0,0.8,0,61
53,Training and development specialists,0,4.1,9,219
54,Logisticians,0,1.9,4,213
55,Project management specialists,0,3.1,37,1187
56,Management analysts,0,3.6,40,1125
57,"Meeting, convention, and event planners",0,3.2,7,207
58,Fundraisers,0,4.1,3,82
59,Market research analysts and marketing specialists,0,3.8,21,564
60,"Business operations specialists, all other",0,3.8,23,618
61,Accountants and auditors,0,2,35,1801
62,Property appraisers and assessors,0,2.3,2,71
63,Budget analysts,0,0,0,67
64,Credit analysts,0,–,0,36
65,Financial and investment analysts,0,1.7,7,429
66,Personal financial advisors,0,2.2,13,589
67,Insurance underwriters,0,0.4,1,142
68,Financial examiners,0,–,0,20
69,Credit counselors and loan officers,0,0.6,2,355
70,"Tax examiners and collectors, and revenue agents",0,4.9,3,55
71,Tax preparers,0,6.8,10,144
72,Other financial specialists,0,0.3,0,115
73,Professional and related occupations,0,2.6,1082,41372
74,Computer and mathematical occupations,0,3.3,228,6939
75,Computer and information research scientists,0,–,2,31
76,Computer systems analysts,0,2.6,15,584
77,Information security analysts,0,2.1,5,266
78,Computer programmers,0,2.2,8,389
79,Software developers,0,3.3,76,2330
80,Software quality assurance analysts and testers,0,7.1,5,77
81,Web developers,0,10.6,8,74
82,Web and digital interface designers,0,7.8,6,75
83,Computer support specialists,0,3,21,698
84,Database administrators and architects,0,2.4,4,152
85,Network and computer systems administrators,0,2.3,4,158
86,Computer network architects,0,2.3,2,98
87,"Computer occupations, all other",0,3.4,41,1222
88,Actuaries,0,–,1,33
89,Mathematicians,0,–,0,8
90,Operations research analysts,0,2,4,182
91,Statisticians,0,1,1,50
92,Other mathematical science occupations,0,4.9,25,512
93,Architecture and engineering occupations,0,1.8,67,3742
94,"Architects, except landscape and naval",0,2.2,6,259
95,Landscape architects,0,–,0,32
96,"Surveyors, cartographers, and photogrammetrists",0,–,0,42
97,Aerospace engineers,0,0.3,0,168
98,Agricultural engineers,0,–,0,7
99,Bioengineers and biomedical engineers,0,–,1,25
100,Chemical engineers,0,0,0,85
101,Civil engineers,0,1.5,8,533
102,Computer hardware engineers,0,1,1,95
103,Electrical and electronics engineers,0,2.1,6,290
104,Environmental engineers,0,–,1,49
105,"Industrial engineers, including health and safety",0,1.2,3,278
106,Marine engineers and naval architects,0,–,0,15
107,Materials engineers,0,1.7,1,57
108,Mechanical engineers,0,1.3,6,425
109,"Mining and geological engineers, including mining safety engineers",0,–,0,6
110,Nuclear engineers,0,–,0,7
111,Petroleum engineers,0,–,0,15
112,"Engineers, all other",0,2.3,16,700
113,Architectural and civil drafters,0,–,2,42
114,Other drafters,0,1,1,80
115,Electrical and electronic engineering technologists and technicians,0,2.5,2,81
116,"Other engineering technologists and technicians, except drafters",0,2.7,11,395
117,Surveying and mapping technicians,0,3.9,2,54
118,"Life, physical, and social science occupations",0,3.1,59,1917
119,Agricultural and food scientists,0,–,0,27
120,Biological scientists,0,5,5,105
121,Conservation scientists and foresters,0,–,0,27
122,Medical scientists,0,1.6,2,104
123,"Life scientists, all other",0,–,0,5
124,Astronomers and physicists,0,–,0,24
125,Atmospheric and space scientists,0,–,0,11
126,Chemists and materials scientists,0,5,6,111
127,"Environmental scientists and specialists, including health",0,2.9,2,65
128,"Geoscientists and hydrologists, except geographers",0,–,1,44
129,"Physical scientists, all other",0,3.6,13,376
130,Economists,0,–,3,37
131,Survey researchers,0,–,0,0
132,Clinical and counseling psychologists,0,–,0,19
133,School psychologists,0,–,1,47
134,Other psychologists,0,0.3,0,152
135,Sociologists,0,–,0,2
136,Urban and regional planners,0,–,1,40
137,Miscellaneous social scientists and related workers,0,–,1,47
138,Agricultural and food science technicians,0,2.3,1,57
139,Biological technicians,0,–,2,27
140,Chemical technicians,0,0.7,1,75
141,Environmental science and geoscience technicians,0,–,2,18
142,Nuclear technicians,0,–,0,3
143,Social science research assistants,0,–,1,8
144,"Other life, physical, and social science technicians",0,3.2,13,399
145,Occupational health and safety specialists and technicians,0,3.5,3,86
146,Community and social service occupations,0,2.1,61,2906
147,Substance abuse and behavioral disorder counselors,0,5.3,9,173
148,"Educational, guidance, and career counselors and advisors",0,2.1,7,356
149,Marriage and family therapists,0,–,0,40
150,Mental health counselors,0,1.8,4,222
151,Rehabilitation counselors,0,–,0,16
152,"Counselors, all other",0,3,8,265
153,"Child, family, and school social workers",0,1.1,1,84
154,Healthcare social workers,0,2.1,3,120
155,Mental health and substance abuse social workers,0,–,0,37
156,"Social workers, all other",0,1.6,10,606
157,Probation officers and correctional treatment specialists,0,1.6,1,68
158,Social and human service assistants,0,4.6,10,221
159,Other community and social service specialists,0,3.8,5,126
160,Clergy,0,0.3,1,407
161,"Directors, religious activities and education",0,0,0,82
162,"Religious workers, all other",0,1.4,1,83
163,Legal occupations,0,1.6,30,1910
164,Lawyers,0,0.8,10,1155
165,Judicial law clerks,0,–,5,20
166,"Judges, magistrates, and other judicial workers",0,0,0,57
167,Paralegals and legal assistants,0,2,10,496
168,"Title examiners, abstractors, and searchers",0,3.4,3,100
169,"Legal support workers, all other",0,1.7,1,81
170,"Education, training, and library occupations",0,2.9,284,9736
171,Postsecondary teachers,0,2.5,27,1086
172,Preschool and kindergarten teachers,0,2.3,15,659
173,Elementary and middle school teachers,0,2.2,77,3589
174,Secondary school teachers,0,1,8,798
175,Special education teachers,0,0.9,3,352
176,Tutors,0,8.7,16,181
177,Other teachers and instructors,0,4.4,47,1065
178,"Archivists, curators, and museum technicians",0,7.4,6,85
179,Librarians and media collections specialists,0,0.8,2,196
180,Library technicians,0,–,1,32
181,Teaching assistants,0,4.9,75,1538
182,Other educational instruction and library workers,0,3.6,6,157
183,"Arts, design, entertainment, sports, and media occupations",0,5.2,194,3697
184,Artists and related workers,0,4.6,15,317
185,Commercial and industrial designers,0,–,1,22
186,Fashion designers,0,12.4,6,51
187,Floral designers,0,5.8,3,52
188,Graphic designers,0,4.8,14,299
189,Interior designers,0,4.3,6,131
190,Merchandise displayers and window trimmers,0,–,1,32
191,Other designers,0,3.5,14,393
192,Actors,0,26.8,16,59
193,Producers and directors,0,5.4,12,228
194,Athletes and sports competitors,0,–,2,46
195,Coaches and scouts,0,2.5,9,371
196,"Umpires, referees, and other sports officials",0,–,6,33
197,Dancers and choreographers,0,–,2,20
198,Music directors and composers,0,0.3,0,58
199,Musicians and singers,0,4.6,8,174
200,"Disc jockeys, except radio",0,–,2,18
201,"Entertainers and performers, sports and related workers, all other",0,3.9,3,65
202,Broadcast announcers and radio disc jockeys,0,–,3,21
203,"News analysts, reporters, and journalists",0,6.5,6,92
204,Public relations specialists,0,4.3,6,142
205,Editors,0,3.8,4,118
206,Technical writers,0,6,3,58
207,Writers and authors,0,8.5,22,256
208,Interpreters and translators,0,4.1,4,101
209,Court reporters and simultaneous captioners,0,–,0,24
210,"Media and communication workers, all other",0,–,0,24
211,"Broadcast, sound, and lighting technicians",0,4.6,6,127
212,Photographers,0,2.6,6,221
213,"Television, video, and film camera operators and editors",0,9.3,13,143
214,"Media and communication equipment workers, all other",0,–,0,2
215,Healthcare practitioners and technical occupations,0,1.5,161,10525
216,Chiropractors,0,4.4,3,69
217,Dentists,0,0.9,2,194
218,Dietitians and nutritionists,0,1.4,2,138
219,Optometrists,0,–,0,48
220,Pharmacists,0,2.2,8,373
221,Emergency medicine physicians,0,–,0,25
222,Radiologists,0,–,0,19
223,Other physicians,0,1.2,11,940
224,Surgeons,0,0.2,0,73
225,Physician assistants,0,1.1,2,155
226,Podiatrists,0,–,0,9
227,Audiologists,0,–,0,20
228,Occupational therapists,0,2.2,3,141
229,Physical therapists,0,0.6,2,340
230,Radiation therapists,0,–,0,10
231,Recreational therapists,0,–,0,13
232,Respiratory therapists,0,0.3,0,89
233,Speech-language pathologists,0,2.2,5,208
234,Exercise physiologists,0,–,0,5
235,"Therapists, all other",0,1,3,326
236,Veterinarians,0,0,0,91
237,Registered nurses,0,1.2,43,3572
238,Nurse anesthetists,0,–,0,25
239,Nurse midwives,0,–,0,11
240,Nurse practitioners,0,1.2,4,329
241,Acupuncturists,0,–,0,20
242,"Healthcare diagnosing or treating practitioners, all other",0,–,0,17
243,Clinical laboratory technologists and technicians,0,1.6,5,319
244,Dental hygienists,0,0.4,1,204
245,Cardiovascular technologists and technicians,0,1.5,1,68
246,Diagnostic medical sonographers,0,1.3,2,120
247,Radiologic technologists and technicians,0,1.4,4,277
248,Magnetic resonance imaging technologists,0,2.9,2,66
249,Nuclear medicine technologists and medical dosimetrists,0,–,0,41
250,Emergency medical technicians,0,2.6,4,139
251,Paramedics,0,1.4,2,119
252,Pharmacy technicians,0,3.4,13,386
253,Psychiatric technicians,0,4.6,7,149
254,Surgical technologists,0,1.4,1,108
255,Veterinary technologists and technicians,0,2.3,3,149
256,Dietetic technicians and ophthalmic medical technicians,0,11,8,76
257,Licensed practical and licensed vocational nurses,0,2.1,12,557
258,Medical records specialists,0,1,2,167
259,"Opticians, dispensing",0,0,0,50
260,Miscellaneous health technologists and technicians,0,3.1,4,130
261,Other healthcare practitioners and technical occupations,0,1.6,2,142
262,Service occupations,0,5.3,1537,28767
263,Healthcare support occupations,0,4.3,260,6090
264,Home health aides,0,5.2,40,766
265,Personal care aides,0,5.5,107,1947
266,Nursing assistants,0,4.2,62,1466
267,Orderlies and psychiatric aides,0,4.1,3,62
268,Occupational therapy assistants and aides,0,–,1,36
269,Physical therapist assistants and aides,0,3.2,4,135
270,Massage therapists,0,2.6,5,188
271,Dental assistants,0,1.9,5,292
272,Medical assistants,0,1.3,9,688
273,Medical transcriptionists,0,–,1,42
274,Pharmacy aides,0,–,1,33
275,Veterinary assistants and laboratory animal caretakers,0,4.8,3,66
276,Phlebotomists,0,4.5,7,151
277,Other healthcare support workers,0,5.9,13,218
278,Protective service occupations,0,3.1,106,3450
279,First-line supervisors of correctional officers,0,0.4,0,51
280,First-line supervisors of police and detectives,0,0,0,107
281,First-line supervisors of firefighting and prevention workers,0,2.7,2,56
282,First-line supervisors of security workers,0,2.6,2,87
283,"First-line supervisors of protective service workers, all other",0,–,0,2
284,Firefighters,0,1.8,7,359
285,Fire inspectors,0,–,0,31
286,Bailiffs,0,–,0,21
287,Correctional officers and jailers,0,1.2,4,300
288,Detectives and criminal investigators,0,0.4,1,155
289,Fish and game wardens,0,–,0,12
290,Parking enforcement workers,0,–,0,12
291,Police officers,0,0.5,3,708
292,Animal control workers,0,–,0,7
293,Private detectives and investigators,0,2.7,4,159
294,Security guards and gambling surveillance officers,0,6.3,65,1027
295,Crossing guards and flaggers,0,5,3,58
296,Transportation security screeners,0,0,0,52
297,School bus monitors,0,–,4,42
298,Other protective service workers,0,5.6,12,205
299,Food preparation and serving related occupations,0,7,624,8915
300,Chefs and head cooks,0,5.2,28,544
301,First-line supervisors of food preparation and serving workers,0,1.9,10,537
302,Cooks,0,7.7,175,2275
303,Food preparation workers,0,7.9,79,1009
304,Bartenders,0,5.7,26,458
305,Fast food and counter workers,0,7.5,78,1036
306,Waiters and waitresses,0,6.5,123,1877
307,"Food servers, nonrestaurant",0,8.8,22,256
308,Dining room and cafeteria attendants and bartender helpers,0,10.6,30,287
309,Dishwashers,0,12,33,278
310,"Hosts and hostesses, restaurant, lounge, and coffee shop",0,4.8,16,342
311,"Food preparation and serving related workers, all other",0,–,1,16
312,Building and grounds cleaning and maintenance occupations,0,5.6,340,6048
313,First-line supervisors of housekeeping and janitorial workers,0,1.5,5,359
314,"First-line supervisors of landscaping, lawn service, and groundskeeping workers",0,3.1,9,297
315,Janitors and building cleaners,0,5.6,138,2479
316,Maids and housekeeping cleaners,0,5.3,77,1469
317,Pest control workers,0,1.5,1,95
318,Landscaping and groundskeeping workers,0,8.5,104,1218
319,Tree trimmers and pruners,0,4.3,5,105
320,Other grounds maintenance workers,0,–,0,26
321,Personal care and service occupations,0,4.8,206,4263
322,Supervisors of personal care and service workers,0,5.9,3,51
323,Animal trainers,0,1.2,1,55
324,Animal caretakers,0,6.2,24,388
325,Gambling services workers,0,3.5,3,100
326,"Ushers, lobby attendants, and ticket takers",0,–,4,43
327,Other entertainment attendants and related workers,0,9.6,24,248
328,"Embalmers, crematory operators, and funeral attendants",0,–,1,14
329,"Morticians, undertakers, and funeral arrangers",0,–,0,36
330,Barbers,0,0.6,1,142
331,"Hairdressers, hairstylists, and cosmetologists",0,3,23,771
332,Manicurists and pedicurists,0,1.8,5,282
333,Skincare specialists,0,3,4,116
334,Other personal appearance workers,0,–,3,34
335,"Baggage porters, bellhops, and concierges",0,3.5,3,83
336,Tour and travel guides,0,10.5,7,62
337,Childcare workers,0,5.9,69,1175
338,Exercise trainers and group fitness instructors,0,1.6,4,285
339,Recreation workers,0,9.7,18,189
340,Residential advisors,0,–,3,36
341,"Personal care and service workers, all other",0,4.1,6,153
342,Sales and office occupations,0,4.2,1344,31948
343,Sales and related occupations,0,4.6,679,14838
344,First-line supervisors of retail sales workers,0,3,93,3069
345,First-line supervisors of non-retail sales workers,0,1.7,18,1054
346,Cashiers,0,9.1,251,2740
347,Counter and rental clerks,0,9.1,7,80
348,Parts salespersons,0,0.9,1,130
349,Retail salespersons,0,5.8,165,2826
350,Advertising sales agents,0,1.7,2,140
351,Insurance sales agents,0,2,12,631
352,"Securities, commodities, and financial services sales agents",0,2,4,204
353,Travel agents,0,5.2,4,85
354,"Sales representatives of services, except advertising, insurance, financial services, and travel",0,4.3,31,727
355,"Sales representatives, wholesale and manufacturing",0,2.2,26,1171
356,"Models, demonstrators, and product promoters",0,–,5,44
357,Real estate brokers and sales agents,0,1.7,19,1084
358,Sales engineers,0,0.2,0,58
359,Telemarketers,0,–,3,29
360,"Door-to-door sales workers, news and street vendors, and related workers",0,6.4,17,271
361,"Sales and related workers, all other",0,3.9,19,496
362,Office and administrative support occupations,0,3.9,666,17110
363,First-line supervisors of office and administrative support workers,0,1.7,23,1406
364,"Switchboard operators, including answering service",0,–,2,11
365,Telephone operators,0,–,2,28
366,"Communications equipment operators, all other",0,–,0,4
367,Bill and account collectors,0,4.6,5,116
368,Billing and posting clerks,0,2.4,10,413
369,"Bookkeeping, accounting, and auditing clerks",0,2.3,30,1284
370,Gambling cage workers,0,–,2,24
371,Payroll and timekeeping clerks,0,0.9,2,168
372,Procurement clerks,0,–,1,44
373,Tellers,0,1.9,4,228
374,"Financial clerks, all other",0,2.3,4,165
375,Brokerage clerks,0,–,0,2
376,Correspondence clerks,0,–,0,11
377,"Court, municipal, and license clerks",0,4.3,3,67
378,"Credit authorizers, checkers, and clerks",0,–,1,31
379,Customer service representatives,0,4.6,127,2727
380,"Eligibility interviewers, government programs",0,4.5,4,94
381,File Clerks,0,4.3,7,153
382,"Hotel, motel, and resort desk clerks",0,7.9,8,107
383,"Interviewers, except eligibility and loan",0,8.9,17,188
384,"Library assistants, clerical",0,4.1,3,74
385,Loan interviewers and clerks,0,2.8,2,87
386,New accounts clerks,0,–,0,10
387,Order clerks,0,6.5,6,93
388,"Human resources assistants, except payroll and timekeeping",0,2.7,3,128
389,Receptionists and information clerks,0,5.2,68,1315
390,Reservation and transportation ticket agents and travel clerks,0,1.3,2,126
391,"Information and record clerks, all other",0,5.8,6,107
392,Cargo and freight agents,0,–,0,27
393,Couriers and messengers,0,5.7,57,1007
394,Public safety telecommunicators,0,1.1,1,91
395,"Dispatchers, except police, fire, and ambulance",0,7.1,14,194
396,"Meter readers, utilities",0,–,1,18
397,Postal service clerks,0,1.4,1,97
398,Postal service mail carriers,0,2.7,10,381
399,"Postal service mail sorters, processors, and processing machine operators",0,0.3,0,52
400,"Production, planning, and expediting clerks",0,7.7,18,230
401,"Shipping, receiving, and inventory clerks",0,4,25,629
402,"Weighers, measurers, checkers, and samplers, recordkeeping",0,8.9,9,100
403,Executive secretaries and executive administrative assistants,0,3.8,10,259
404,Legal secretaries and administrative assistants,0,–,0,38
405,Medical secretaries and administrative assistants,0,3.7,4,107
406,"Secretaries and administrative assistants, except legal, medical, and executive",0,3.1,48,1539
407,Data entry keyers,0,5.4,13,242
408,Word processors and typists,0,3.8,2,65
409,Desktop publishers,0,–,0,1
410,Insurance claims and policy processing clerks,0,5.5,16,290
411,"Mail clerks and mail machine operators, except postal service",0,3.1,2,66
412,"Office clerks, general",0,4.2,63,1498
413,"Office machine operators, except computer",0,–,0,23
414,Proofreaders and copy markers,0,–,0,18
415,Statistical assistants,0,–,0,44
416,"Office and administrative support workers, all other",0,3.1,27,886
417,"Natural resources, construction, and maintenance occupations",0,4.9,747,15298
418,"Farming, fishing, and forestry occupations",0,8.8,97,1097
419,"First-line supervisors of farming, fishing, and forestry workers",0,5,3,53
420,Agricultural inspectors,0,–,1,12
421,Animal breeders,0,–,0,16
422,"Graders and sorters, agricultural products",0,5.5,3,61
423,Miscellaneous agricultural workers,0,10.1,86,852
424,Fishing and hunting workers,0,–,2,37
425,Forest and conservation workers,0,–,0,19
426,Logging workers,0,–,1,47
427,Construction and extraction occupations,0,5.4,481,8971
428,First-line supervisors of construction trades and extraction workers,0,3.2,26,814
429,Boilermakers,0,–,6,19
430,"Brickmasons, blockmasons, and stonemasons",0,5.5,7,128
431,Carpenters,0,5,62,1239
432,"Carpet, floor, and tile installers and finishers",0,5.8,6,112
433,"Cement masons, concrete finishers, and terrazzo workers",0,10.1,6,56
434,Construction laborers,0,7.5,192,2574
435,Construction equipment operators,0,6.3,27,431
436,"Drywall installers, ceiling tile installers, and tapers",0,4.8,6,129
437,Electricians,0,3,33,1096
438,Glaziers,0,–,1,33
439,Insulation workers,0,–,1,49
440,Painters and paperhangers,0,7.6,40,525
441,Pipelayers,0,–,3,49
442,"Plumbers, pipefitters, and steamfitters",0,3.1,20,644
443,Plasterers and stucco masons,0,–,2,29
444,Reinforcing iron and rebar workers,0,–,0,10
445,Roofers,0,5.7,16,274
446,Sheet metal workers,0,3.4,5,153
447,Structural iron and steel workers,0,–,5,47
448,Solar photovoltaic installers,0,–,0,23
449,"Helpers, construction trades",0,3.5,2,55
450,Construction and building inspectors,0,1.9,2,122
451,Elevator and escalator installers and repairers,0,–,0,34
452,Fence erectors,0,–,2,45
453,Hazardous materials removal workers,0,–,1,24
454,Highway maintenance workers,0,4,3,63
455,Rail-track laying and maintenance equipment operators,0,–,0,8
456,Septic tank servicers and sewer pipe cleaners,0,–,1,12
457,Miscellaneous construction and related workers,0,–,2,21
458,"Derrick, rotary drill, and service unit operators, oil and gas",0,–,1,22
459,"Excavating and loading machine and dragline operators, surface mining",0,–,0,4
460,"Earth drillers, except oil and gas",0,–,0,25
461,"Explosives workers, ordnance handling experts, and blasters",0,–,0,9
462,Underground mining machine operators,0,–,2,38
463,"Roustabouts, oil and gas",0,–,0,9
464,Other extraction workers,0,–,1,47
465,"Installation, maintenance, and repair occupations",0,3.2,169,5230
466,"First-line supervisors of mechanics, installers, and repairers",0,0.9,3,287
467,"Computer, automated teller, and office machine repairers",0,6.1,9,141
468,Radio and telecommunications equipment installers and repairers,0,5.5,8,148
469,Avionics technicians,0,–,0,14
470,"Electric motor, power tool, and related repairers",0,–,0,25
471,"Electrical and electronics installers and repairers, transportation equipment",0,–,0,5
472,"Electrical and electronics repairers, industrial and utility",0,–,1,11
473,"Electronic equipment installers and repairers, motor vehicles",0,–,0,13
474,Audiovisual equipment installers and repairers,0,–,0,43
475,Security and fire alarm systems installers,0,4,2,61
476,Aircraft mechanics and service technicians,0,3.5,6,171
477,Automotive body and related repairers,0,3.3,4,135
478,Automotive glass installers and repairers,0,–,1,26
479,Automotive service technicians and mechanics,0,2.8,26,927
480,Bus and truck mechanics and diesel engine specialists,0,1.3,5,374
481,Heavy vehicle and mobile equipment service technicians and mechanics,0,2,4,172
482,Small engine mechanics,0,–,0,42
483,"Miscellaneous vehicle and mobile equipment mechanics, installers, and repairers",0,4.6,5,112
484,Control and valve installers and repairers,0,–,1,24
485,"Heating, air conditioning, and refrigeration mechanics and installers",0,5,30,590
486,Home appliance repairers,0,4.5,2,55
487,Industrial and refractory machinery mechanics,0,3,10,339
488,"Maintenance and repair workers, general",0,3.9,29,746
489,"Maintenance workers, machinery",0,1,1,68
490,Millwrights,0,–,2,47
491,Electrical power-line installers and repairers,0,1.4,2,146
492,Telecommunications line installers and repairers,0,3.4,4,113
493,Precision instrument and equipment repairers,0,0.7,0,55
494,Wind turbine service technicians,0,–,1,10
495,"Coin, vending, and amusement machine servicers and repairers",0,–,0,39
496,Commercial divers,0,–,0,1
497,Locksmiths and safe repairers,0,–,0,36
498,Manufactured building and mobile home installers,0,–,1,2
499,Riggers,0,–,1,16
500,"Helpers--installation, maintenance, and repair workers",0,–,2,16
501,"Other installation, maintenance, and repair workers",0,4.4,10,221
502,"Production, transportation, and material moving occupations",0,5.2,1089,20859
503,Production occupations,0,4.1,337,8227
504,First-line supervisors of production and operating workers,0,1.9,15,764
505,"Aircraft structure, surfaces, rigging, and systems assemblers",0,–,0,3
506,"Electrical, electronics, and electromechanical assemblers",0,2.8,3,116
507,Engine and other machine assemblers,0,–,1,15
508,Structural metal fabricators and fitters,0,–,0,22
509,Other assemblers and fabricators,0,5.6,52,925
510,Bakers,0,4.1,12,289
511,"Butchers and other meat, poultry, and fish processing workers",0,3.9,10,265
512,"Food and tobacco roasting, baking, and drying machine operators and tenders",0,–,1,14
513,Food batchmakers,0,2.2,2,95
514,Food cooking machine operators and tenders,0,–,1,16
515,"Food processing workers, all other",0,8.8,11,130
516,Computer numerically controlled tool operators and programmers,0,6.5,5,83
517,"Forming machine setters, operators, and tenders, metal and plastic",0,–,0,17
518,"Cutting, punching, and press machine setters, operators, and tenders, metal and plastic",0,6.3,4,56
519,"Grinding, lapping, polishing, and buffing machine tool setters, operators, and tenders, metal and plastic",0,–,3,39
520,"Other machine tool setters, operators, and tenders, metal and plastic",0,–,0,4
521,Machinists,0,3.6,12,321
522,"Metal furnace operators, tenders, pourers, and casters",0,–,2,22
523,"Model makers and patternmakers, metal and plastic",0,–,1,3
524,"Molders and molding machine setters, operators, and tenders, metal and plastic",0,–,2,37
525,Tool and die makers,0,–,1,30
526,"Welding, soldering, and brazing workers",0,4.3,26,599
527,Other metal workers and plastic workers,0,2,6,314
528,Prepress technicians and workers,0,–,0,10
529,Printing press operators,0,4.3,6,148
530,Print binding and finishing workers,0,–,0,5
531,Laundry and dry-cleaning workers,0,5.9,9,146
532,"Pressers, textile, garment, and related materials",0,–,1,21
533,Sewing machine operators,0,6,6,98
534,Shoe and leather workers,0,–,0,12
535,"Tailors, dressmakers, and sewers",0,4.5,3,63
536,"Textile machine setters, operators, and tenders",0,–,0,18
537,Upholsterers,0,–,0,20
538,"Other textile, apparel, and furnishings workers",0,–,0,14
539,Cabinetmakers and bench carpenters,0,–,1,44
540,Furniture finishers,0,–,0,20
541,"Sawing machine setters, operators, and tenders, wood",0,–,0,15
542,"Woodworking machine setters, operators, and tenders, except sawing",0,–,0,5
543,Other woodworkers,0,–,1,38
544,"Power plant operators, distributors, and dispatchers",0,–,0,45
545,Stationary engineers and boiler operators,0,1.6,2,110
546,Water and wastewater treatment plant and system operators,0,1.9,2,121
547,Miscellaneous plant and system operators,0,–,1,43
548,"Chemical processing machine setters, operators, and tenders",0,4.3,2,57
549,"Crushing, grinding, polishing, mixing, and blending workers",0,2.8,2,73
550,Cutting workers,0,–,3,43
551,"Extruding, forming, pressing, and compacting machine setters, operators, and tenders",0,–,0,17
552,"Furnace, kiln, oven, drier, and kettle operators and tenders",0,–,1,16
553,"Inspectors, testers, sorters, samplers, and weighers",0,3.9,30,767
554,Jewelers and precious stone and metal workers,0,–,0,42
555,Dental and ophthalmic laboratory technicians and medical appliance technicians,0,2.7,2,77
556,Packaging and filling machine operators and tenders,0,5.3,14,255
557,Painting workers,0,1.4,2,175
558,Photographic process workers and processing machine operators,0,–,1,25
559,Adhesive bonding machine operators and tenders,0,–,0,7
560,Etchers and engravers,0,–,0,6
561,"Molders, shapers, and casters, except metal and plastic",0,–,5,36
562,"Paper goods machine setters, operators, and tenders",0,–,0,14
563,Tire builders,0,–,0,14
564,Helpers--production workers,0,7.1,5,73
565,Other production equipment operators and tenders,0,–,0,4
566,Other production workers,0,4.8,65,1351
567,Transportation and material moving occupations,0,6,752,12633
568,Supervisors of transportation and material moving workers,0,1.2,4,306
569,Aircraft pilots and flight engineers,0,0.3,1,202
570,Air traffic controllers and airfield operations specialists,0,–,0,40
571,Flight attendants,0,0.9,1,130
572,"Ambulance drivers and attendants, except emergency medical technicians",0,–,0,17
573,"Bus drivers, school",0,5.1,11,221
574,"Bus drivers, transit and intercity",0,4.8,14,282
575,Driver/sales workers and truck drivers,0,4.1,155,3738
576,Shuttle drivers and chauffeurs,0,8.7,8,90
577,Taxi drivers,0,3.7,22,597
578,"Motor vehicle operators, all other",0,2.5,4,147
579,Locomotive engineers and operators,0,–,0,33
580,Railroad conductors and yardmasters,0,0.4,0,56
581,Other rail transportation workers,0,–,0,26
582,Sailors and marine oilers,0,–,6,24
583,Ship and boat captains and operators,0,–,0,46
584,Ship engineers,0,–,0,3
585,Parking attendants,0,2.8,2,78
586,Transportation service attendants,0,9.9,10,102
587,Transportation inspectors,0,–,0,44
588,Passenger attendants,0,–,2,39
589,Other transportation workers,0,–,2,48
590,Crane and tower operators,0,2.3,1,60
591,"Conveyor, dredge, and hoist and winch operators",0,–,1,35
592,Industrial truck and tractor operators,0,5.8,39,679
593,Cleaners of vehicles and equipment,0,7.9,34,429
594,"Laborers and freight, stock, and material movers, hand",0,8.9,215,2418
595,Machine feeders and offbearers,0,–,0,26
596,"Packers and packagers, hand",0,8.6,55,637
597,Stockers and order fillers,0,8.3,154,1851
598,Pumping station operators,0,–,0,14
599,Refuse and recyclable material collectors,0,6.7,9,136
600,Other material moving workers,0,2.5,2,79
602,Footnotes:,0,,,
603,"(1) People with no previous work experience and people whose last job was in the U.S. Armed Forces are included in the total, but not shown separately.",0,,,
604,"NOTE: Occupation is based on the last job held; this may or may not reflect one's current area of job search. Because the occupation for the unemployed is determined by their prior job, the occupational unemployment and labor force data reflect only the subset of total unemployed who have past job experience. This subset is called the experienced unemployed. Updated population controls are introduced annually with the release of January data. Dash indicates no data or data that do not meet publication criteria (values not shown where base is less than 50,000). Annual estimates for 2025 are 11-month averages that exclude October. (Data for October 2025 were not collected due to the federal government shutdown.) As a result, 2025 annual estimates are not strictly comparable with annual averages for other years.",0,,,
